-- phpMyAdmin SQL Dump
-- version 3.4.10.1deb1
-- http://www.phpmyadmin.net
--
-- Host: localhost
-- Generation Time: Apr 30, 2013 at 08:51 PM
-- Server version: 5.5.28
-- PHP Version: 5.3.10-1ubuntu3.4

SET SQL_MODE="NO_AUTO_VALUE_ON_ZERO";
SET time_zone = "+00:00";


/*!40101 SET @OLD_CHARACTER_SET_CLIENT=@@CHARACTER_SET_CLIENT */;
/*!40101 SET @OLD_CHARACTER_SET_RESULTS=@@CHARACTER_SET_RESULTS */;
/*!40101 SET @OLD_COLLATION_CONNECTION=@@COLLATION_CONNECTION */;
/*!40101 SET NAMES utf8 */;

--
-- Database: `spacetrek`
--

-- --------------------------------------------------------

--
-- Table structure for table `calendar`
--

CREATE TABLE IF NOT EXISTS `calendar` (
  `id_calendar` int(11) NOT NULL AUTO_INCREMENT,
  `id_object` int(11) NOT NULL,
  `date` timestamp NOT NULL DEFAULT CURRENT_TIMESTAMP,
  PRIMARY KEY (`id_calendar`),
  KEY `id_object` (`id_object`)
) ENGINE=InnoDB  DEFAULT CHARSET=latin1 AUTO_INCREMENT=2 ;

--
-- Dumping data for table `calendar`
--

INSERT INTO `calendar` (`id_calendar`, `id_object`, `date`) VALUES
(1, 17, '2013-05-10 11:55:00');

-- --------------------------------------------------------

--
-- Table structure for table `channel`
--

CREATE TABLE IF NOT EXISTS `channel` (
  `id_channel` int(11) NOT NULL AUTO_INCREMENT,
  `id_object` int(11) NOT NULL,
  `id_user` int(11) NOT NULL,
  `stream_number` int(11) NOT NULL DEFAULT '1',
  `date` timestamp NOT NULL DEFAULT CURRENT_TIMESTAMP,
  PRIMARY KEY (`id_channel`),
  KEY `id_object` (`id_object`),
  KEY `id_user` (`id_user`)
) ENGINE=InnoDB  DEFAULT CHARSET=latin1 AUTO_INCREMENT=86 ;

--
-- Dumping data for table `channel`
--

INSERT INTO `channel` (`id_channel`, `id_object`, `id_user`, `stream_number`, `date`) VALUES
(27, 1, 22, 16, '2013-04-20 17:39:00'),
(58, 9, 22, 1, '2013-04-21 18:59:22'),
(59, 10, 22, 1, '2013-04-21 19:00:49'),
(60, 17, 22, 1, '2013-04-21 19:07:46'),
(61, 17, 22, 2, '2013-04-21 19:15:29'),
(62, 1, 22, 17, '2013-04-21 19:23:24'),
(63, 3, 22, 1, '2013-04-21 19:28:04'),
(64, 1, 22, 18, '2013-04-21 20:27:37'),
(65, 1, 22, 19, '2013-04-21 20:51:24'),
(66, 1, 22, 20, '2013-04-21 22:39:24'),
(67, 1, 22, 21, '2013-04-23 19:22:53'),
(68, 1, 22, 22, '2013-04-23 19:24:15'),
(69, 1, 22, 23, '2013-04-28 04:58:39'),
(70, 1, 22, 24, '2013-04-28 22:14:38'),
(71, 9, 23, 2, '2013-04-29 00:36:37'),
(72, 1, 23, 25, '2013-04-29 01:08:06'),
(73, 1, 22, 26, '2013-04-29 22:08:03'),
(74, 1, 23, 27, '2013-04-29 22:27:43'),
(75, 1, 23, 28, '2013-04-29 22:49:54'),
(76, 1, 23, 29, '2013-04-29 23:37:53'),
(77, 1, 23, 30, '2013-04-29 23:54:56'),
(78, 1, 23, 31, '2013-04-29 23:55:37'),
(79, 1, 23, 32, '2013-04-29 23:56:31'),
(80, 17, 23, 3, '2013-04-30 00:00:29'),
(81, 17, 23, 4, '2013-04-30 00:07:32'),
(82, 1, 23, 33, '2013-04-30 00:09:58'),
(83, 1, 23, 34, '2013-04-30 00:10:10'),
(84, 1, 23, 35, '2013-04-30 00:13:51'),
(85, 12, 23, 1, '2013-04-30 22:55:15');

-- --------------------------------------------------------

--
-- Table structure for table `object_position`
--

CREATE TABLE IF NOT EXISTS `object_position` (
  `id_pos` int(11) NOT NULL AUTO_INCREMENT,
  `id_object` int(11) NOT NULL,
  `date` timestamp NOT NULL DEFAULT CURRENT_TIMESTAMP ON UPDATE CURRENT_TIMESTAMP,
  `lat` double NOT NULL,
  `lon` double NOT NULL,
  PRIMARY KEY (`id_pos`),
  KEY `id_object` (`id_object`)
) ENGINE=InnoDB  DEFAULT CHARSET=latin1 AUTO_INCREMENT=61 ;

--
-- Dumping data for table `object_position`
--

INSERT INTO `object_position` (`id_pos`, `id_object`, `date`, `lat`, `lon`) VALUES
(1, 1, '2013-04-20 11:26:05', 11.064626417664686, -174.52872295545265),
(3, 1, '2013-04-20 11:26:45', 8.797656750059835, -172.85079136319064),
(4, 3, '2013-04-23 20:34:27', 0, 0),
(5, 4, '2013-04-28 10:58:48', 49.5, -130),
(6, 5, '2013-04-28 10:58:48', 74.8, -143),
(7, 6, '2013-12-14 06:00:00', 32.2, 112),
(8, 9, '2013-04-28 10:58:48', 34, -89),
(9, 10, '2013-04-28 10:58:48', -1, -22),
(10, 7, '2013-11-18 06:00:00', 21.6, 152),
(11, 8, '2013-11-13 06:00:00', 22.7, 58),
(12, 13, '2013-04-28 10:58:48', -16.4, -20),
(13, 14, '2013-04-28 10:58:48', -10.2, -53),
(14, 12, '2013-10-09 05:00:00', 8.7, 32),
(15, 11, '2013-10-22 05:00:00', 15.5, 95),
(16, 15, '2013-08-12 05:00:00', 57.6, 48),
(17, 16, '2013-04-22 16:55:46', 0, 0),
(19, 18, '2013-03-30 17:11:24', -113.03416666666669, 10.971130555555556),
(20, 18, '2013-03-30 23:54:44', -113.00833333333333, 10.955833333333333),
(21, 19, '2013-03-31 07:17:42', -83.86495833333333, -32.93167777777778),
(22, 20, '2013-03-31 14:24:54', -113.72500000000002, -50.88861111111111),
(23, 21, '2013-03-31 20:32:47', -127.96458333333334, -40.620555555555555),
(24, 22, '2013-04-01 11:27:58', -84.73708333333332, -44.45),
(25, 23, '2013-04-02 11:51:39', -132.959, -52.75585),
(26, 24, '2013-04-02 19:00:49', -137.63, -47.50888888888889),
(27, 25, '2013-04-03 11:19:07', -134.98000000000002, -42.759166666666665),
(28, 26, '2013-04-04 05:12:36', 116.07, -37.84),
(29, 27, '2013-04-05 11:17:39', -137.45199999999994, -46.43695),
(30, 28, '2013-04-06 09:05:37', 125.69858333333333, 22.695555555555554),
(31, 29, '2013-04-06 19:21:27', 118.10025, 16.203058333333335),
(32, 30, '2013-04-07 11:09:34', 111.53391666666667, -26.210575),
(33, 31, '2013-04-08 18:46:30', 107.858375, 44.06805555555555),
(34, 32, '2013-04-09 11:01:20', -136.09291666666667, -41.36277777777778),
(35, 33, '2013-04-09 17:47:11', 109.62125, -13.216958333333332),
(36, 34, '2013-04-11 10:42:59', 116.45, -38.1),
(37, 35, '2013-04-12 07:25:13', 111.46370833333334, -7.735555555555555),
(38, 36, '2013-04-13 10:34:44', 116.11, -38.24),
(39, 18, '2013-04-14 07:35:16', -112.97500000000002, 10.937777777777779),
(40, 18, '2013-03-30 17:11:24', -113.03416666666669, 10.971130555555556),
(41, 18, '2013-03-30 23:54:44', -113.00833333333333, 10.955833333333333),
(42, 19, '2013-03-31 07:17:42', -83.86495833333333, -32.93167777777778),
(43, 20, '2013-03-31 14:24:54', -113.72500000000002, -50.88861111111111),
(44, 21, '2013-03-31 20:32:47', -127.96458333333334, -40.620555555555555),
(45, 22, '2013-04-01 11:27:58', -84.73708333333332, -44.45),
(46, 23, '2013-04-02 11:51:39', -132.959, -52.75585),
(47, 24, '2013-04-02 19:00:49', -137.63, -47.50888888888889),
(48, 25, '2013-04-03 11:19:07', -134.98000000000002, -42.759166666666665),
(49, 26, '2013-04-04 05:12:36', 116.07, -37.84),
(50, 27, '2013-04-05 11:17:39', -137.45199999999994, -46.43695),
(51, 28, '2013-04-06 09:05:37', 125.69858333333333, 22.695555555555554),
(52, 29, '2013-04-06 19:21:27', 118.10025, 16.203058333333335),
(53, 30, '2013-04-07 11:09:34', 111.53391666666667, -26.210575),
(54, 31, '2013-04-08 18:46:30', 107.858375, 44.06805555555555),
(55, 32, '2013-04-09 11:01:20', -136.09291666666667, -41.36277777777778),
(56, 33, '2013-04-09 17:47:11', 109.62125, -13.216958333333332),
(57, 34, '2013-04-11 10:42:59', 116.45, -38.1),
(58, 35, '2013-04-12 07:25:13', 111.46370833333334, -7.735555555555555),
(59, 36, '2013-04-13 10:34:44', 116.11, -38.24),
(60, 18, '2013-04-14 07:35:16', -112.97500000000002, 10.937777777777779);

-- --------------------------------------------------------

--
-- Table structure for table `space_object`
--

CREATE TABLE IF NOT EXISTS `space_object` (
  `id_object` int(11) NOT NULL AUTO_INCREMENT,
  `type` enum('meteor','station','satellite','other') NOT NULL,
  `name` varchar(100) NOT NULL,
  `description` text NOT NULL,
  `image` varchar(200) NOT NULL,
  PRIMARY KEY (`id_object`)
) ENGINE=InnoDB  DEFAULT CHARSET=latin1 AUTO_INCREMENT=37 ;

--
-- Dumping data for table `space_object`
--

INSERT INTO `space_object` (`id_object`, `type`, `name`, `description`, `image`) VALUES
(1, 'station', 'ISS', 'The International Space Station (ISS) is a habitable artificial satellite in low Earth orbit. It follows the Salyut, Almaz, Skylab and Mir stations as the ninth space station to be inhabited. The ISS is a modular structure whose first component was launched in 1998.Now the largest artificial body in orbit, it can often be seen at the appropriate time with the naked eye from Earth.The ISS consists of pressurised modules, external trusses, solar arrays and other components. ISS components have been launched by American Space Shuttles as well as Russian Proton and Soyuz rockets.Budget constraints led to the merger of three space station projects with the Japanese Kib? module and Canadian robotics. In 1993 the partially built components for a Soviet/Russian space station Mir-2, the proposed American Freedom, and the proposed European Columbus merged into a single multinational programme', 'http://119.81.24.210/parisvanjava/spacetrek/objects/1/1.jpg'),
(3, 'satellite', 'Herschel - HD206893', 'Herschel satellite observing HD206893. The Herschel Space Observatory is a European Space Agency space observatory sensitive to the far infrared and submillimetre wavebands (55-672 µm). It is the largest infrared space telescope ever launched, carrying a single mirror of 3.5 metres (11.5 ft) in diameter.Herschel is in its final months, it is hoped its coolant will last until March 2013.', 'http://119.81.24.210/parisvanjava/spacetrek/objects/3/3.jpg'),
(4, 'meteor', 'Quadrantids', 'The Quadrantids have the potential to be the strongest shower of the year but usually fall short due to the short length of maximum activity (6 hours) and the poor weather experienced during early January. The average hourly rates one can expect under dark skies is 25. These meteors usually lack persistent trains but often produce bright fireballs. Due to the high northerly declination (celestial latitude) these meteors are not well seen from the southern hemisphere.', 'http://119.81.24.210/parisvanjava/spacetrek/objects/4/4.jpg'),
(5, 'meteor', 'Ursids', 'The Ursids are often neglected due to the fact it peaks just before Christmas and the rates are much less than the Geminds, which peaks just a week before the Ursids. Observers will normally see 5-10 Ursids per hour during the late morning hours on the date of maximum activity. There have been occasional outbursts when rates have exceeded 25 per hour. These outbursts appear unrelated to the perihelion dates of comet 8P/Tuttle. This shower is strictly a northern hemisphere event as the radiant fails to clear the horizon or does so simultaneously with the start of morning twilight as seen from the southern tropics.', 'http://119.81.24.210/parisvanjava/spacetrek/objects/5/5.jpg'),
(6, 'meteor', 'Geminids', 'The Geminids are usually the strongest meteor shower of the year and meteor enthusiasts are certain to circle December 13 and 14 on their calendars. This is the one major shower that provides good activity prior to midnight as the constellation of Gemini is well placed from 10pm onward. The Geminids are often bright and intensely colored. Due to their medium-slow velocity, persistent trains are not usually seen. These meteors are also seen in the southern hemisphere, but only during the middle of the night and at a reduced rate.', 'http://119.81.24.210/parisvanjava/spacetrek/objects/6/6.jpg'),
(7, 'meteor', 'Leonids', 'The Leonids are best known for producing great meteor storms in the years of 1833, 1866, 1966, and 2001. These outbursts of meteor activity are best seen when the parent object, comet 55P/Tempel-Tuttle, is near perihelion (closest approach to the sun). Yet it is not the fresh material we see from the comet, but rather debris from earlier returns that also happen to be most dense at the same time. Unfortunately it appears that the earth will not encounter any dense clouds of debris until 2099. Therefore when the comet returns in 2031 and 2064, there will be no meteor storms, but perhaps several good displays of Leonid activity when rates are in excess of 100 per hour. The best we can hope for now until the year 2030 is peaks of around 15 shower members per hour and perhaps an occasional weak outburst when the earth passes near a debris trail. The Leonids are often bright meteors with a high percentage of persistent trains.', 'http://119.81.24.210/parisvanjava/spacetrek/objects/7/7.jpg'),
(8, 'meteor', 'Northern Taurids', 'This shower is much like the Southern Taurids, just active a bit later in the year. When the two showers are active simultaneously in late October and early November, there is sometimes an notable increase in the fireball activity. There seems to be a seven year periodicity with these fireballs. 2008 was the last remarkable year. Perhaps 2015 will be the next?', 'http://119.81.24.210/parisvanjava/spacetrek/objects/8/8.jpg'),
(9, 'meteor', 'Lyrids', 'The Lyrids are a medium strength shower that usually produces good rates for three nights centered on the maximum. These meteors also usually lack persistent trains but can produce fireballs. These meteors are best seen from the northern hemisphere where the radiant is high in the sky at dawn. Activity from this shower can be seen from the southern hemisphere, but at a lower rate.', 'http://119.81.24.210/parisvanjava/spacetrek/objects/9/9.jpg'),
(10, 'meteor', 'Eta Aquariids', 'The Eta Aquariids are a strong shower when viewed from the southern tropics. From the equator northward, they usually only produce medium rates of 10-30 per hour just before dawn. Activity is good for a week centered the night of maximum activity. These are swift meteors that produce a high percentage of persistent trains, but few fireballs. The Eta Aquariids are a strong shower when viewed from the southern tropics. From the equator northward, they usually only produce medium rates of 10-30 per hour just before dawn. Activity is good for a week centered the night of maximum activity. These are swift meteors that produce a high percentage of persistent trains, but few fireballs.', 'http://119.81.24.210/parisvanjava/spacetrek/objects/10/10.jpg'),
(11, 'meteor', 'Orionids', 'The Orionids are a medium strength shower that sometimes reaches high strength activity. In a normal year the Orionids produce 20-25 shower members at maximum. In exceptional years, such as 2006-2009, the peak rates were on par with the Perseids (50-75 per hour). At this time we are unable to predict exactly when the Orionids will be exception', 'http://119.81.24.210/parisvanjava/spacetrek/objects/11/11.jpg'),
(12, 'meteor', 'Southern Taurids', 'The Southern Taurids are a long-lasting shower that reaches a barely noticeable maximum on October 9 or 10. The shower is active for more than two months but rarely produces more than five shower members per hour, even at maximum activity. The Taurids (both branches) are rich in fireballs and are often responsible for increased number of fireball reports from September through November.', 'http://119.81.24.210/parisvanjava/spacetrek/objects/12/12.jpg'),
(13, 'meteor', 'Delta Aquariids', 'The Delta Aquariids are another strong shower best seen from the southern tropics. North of the equator the radiant is located lower in the southern sky and therefore rates are less than seen from further south. These meteors produce good rates for a week centered on the night of maximum. These are usually faint meteors that lack both persistent trains and fireballs.', 'http://119.81.24.210/parisvanjava/spacetrek/objects/13/13.jpg'),
(14, 'meteor', 'Alpha Capricornids', 'The Alpha Capricornids are active from July 11 through August with a "plateau-like" maximum centered on July 29. This shower is not very strong and rarely produces in excess of five shower members per hour. What is notable about this shower is the number of bright fireballs produced during its activity period. This shower is seen equally well on either side of the equator.', 'http://119.81.24.210/parisvanjava/spacetrek/objects/14/14.jpg'),
(15, 'meteor', 'Perseids', 'The Perseids are the most popular meteor shower as they peak on warm August nights as seen from the northern hemisphere. The Perseids are active from July 13 to August 26. They reach a strong maximum on August 12 or 13, depending on the year. Normal rates seen from rural locations range from 50-75 shower members per hour at maximum', 'http://119.81.24.210/parisvanjava/spacetrek/objects/15/15.jpg'),
(16, 'satellite', 'Integral - Puppis Region Scan', 'The European Space Agency''s INTErnational Gamma-Ray Astrophysics Laboratory (INTEGRAL) is an operational Earth satellite, launched in 2002 for detecting some of the most energetic radiation that comes from space. It is the most sensitive gamma ray observatory ever launched. INTEGRAL is an ESA mission in cooperation with the Russian Space Agency and NASA. It has had some notable successes, for example in detecting a mysterious ''iron quasar''. It has also had great success in investigating gamma-ray bursters and evidence for black holes', 'http://119.81.24.210/parisvanjava/spacetrek/objects/16/16.jpg'),
(17, 'other', 'Solar Eclipse', 'As seen from the Earth, a solar eclipse occurs when the Moon passes between the Sun and Earth, and the Moon fully or partially blocks ("occults") the Sun. This can happen only at new moon, when the Sun and the Moon are in conjunction as seen from Earth in an alignment referred to as syzygy. In a total eclipse, the disk of the Sun is fully obscured by the Moon. In partial and annular eclipses only part of the Sun is obscured.', 'http://119.81.24.210/parisvanjava/spacetrek/objects/17/17.jpg'),
(18, 'satellite', 'XMMNewton - PSRB1929+10tail', 'XMMNewton - PSRB1929+10tail', ''),
(19, 'satellite', 'XMMNewton - IGRJ17354-3255', 'XMMNewton - IGRJ17354-3255', ''),
(20, 'satellite', 'XMMNewton - PLCKESZG347.18-27.35', 'XMMNewton - PLCKESZG347.18-27.35', ''),
(21, 'satellite', 'XMMNewton - RXCJ2031.8-4037', 'XMMNewton - RXCJ2031.8-4037', ''),
(22, 'satellite', 'XMMNewton - 4U1735-444', 'XMMNewton - 4U1735-444', ''),
(23, 'satellite', 'XMMNewton - PLCKESZG345.40-39.34', 'XMMNewton - PLCKESZG345.40-39.34', ''),
(24, 'satellite', 'XMMNewton - AM2107-474', 'XMMNewton - AM2107-474', ''),
(25, 'satellite', 'XMMNewton - RXJ2059.9-4245', 'XMMNewton - RXJ2059.9-4245', ''),
(26, 'satellite', 'XMMNewton - NGC2451field1', 'XMMNewton - NGC2451field1', ''),
(27, 'satellite', 'XMMNewton - SPT-CLJ2109-4626', 'XMMNewton - SPT-CLJ2109-4626', ''),
(28, 'satellite', 'XMMNewton - SDSSJ082247.6+224144', 'XMMNewton - SDSSJ082247.6+224144', ''),
(29, 'satellite', 'XMMNewton - 2MJ0752239+161215', 'XMMNewton - 2MJ0752239+161215', ''),
(30, 'satellite', 'XMMNewton - PSRJ0726-2612', 'XMMNewton - PSRJ0726-2612', ''),
(31, 'satellite', 'XMMNewton - CSS081231', 'XMMNewton - CSS081231', ''),
(32, 'satellite', 'XMMNewton - PLCKESZG000.44-41.83', 'XMMNewton - PLCKESZG000.44-41.83', ''),
(33, 'satellite', 'XMMNewton - NGC2359', 'XMMNewton - NGC2359', ''),
(34, 'satellite', 'XMMNewton - NGC2451field4', 'XMMNewton - NGC2451field4', ''),
(35, 'satellite', 'XMMNewton - MWC560', 'XMMNewton - MWC560', ''),
(36, 'satellite', 'XMMNewton - NGC2451field2', 'XMMNewton - NGC2451field2', '');

-- --------------------------------------------------------

--
-- Table structure for table `stream`
--

CREATE TABLE IF NOT EXISTS `stream` (
  `id_stream` int(11) NOT NULL AUTO_INCREMENT,
  `id_channel` int(11) NOT NULL,
  `sequence` int(11) NOT NULL,
  `file` text NOT NULL,
  PRIMARY KEY (`id_stream`),
  KEY `id_channel` (`id_channel`)
) ENGINE=InnoDB  DEFAULT CHARSET=latin1 AUTO_INCREMENT=1588 ;

--
-- Dumping data for table `stream`
--

INSERT INTO `stream` (`id_stream`, `id_channel`, `sequence`, `file`) VALUES
(3, 27, 0, 'http://119.81.24.210/parisvanjava/spacetrek/stream/27/0.jpg'),
(4, 27, 0, 'http://119.81.24.210/parisvanjava/spacetrek/stream/27/0.jpg'),
(5, 27, 0, 'http://119.81.24.210/parisvanjava/spacetrek/stream/27/0.jpg'),
(6, 27, 1, 'http://119.81.24.210/parisvanjava/spacetrek/stream/27/1.jpg'),
(7, 27, 31, 'http://119.81.24.210/parisvanjava/spacetrek/stream/27/31.jpg'),
(8, 27, 2, 'http://119.81.24.210/parisvanjava/spacetrek/stream/27/2.jpg'),
(9, 27, 1, 'http://119.81.24.210/parisvanjava/spacetrek/stream/27/1.jpg'),
(10, 27, 3, 'http://119.81.24.210/parisvanjava/spacetrek/stream/27/3.jpg'),
(11, 27, 4, 'http://119.81.24.210/parisvanjava/spacetrek/stream/27/4.jpg'),
(12, 27, 5, 'http://119.81.24.210/parisvanjava/spacetrek/stream/27/5.jpg'),
(13, 27, 6, 'http://119.81.24.210/parisvanjava/spacetrek/stream/27/6.jpg'),
(14, 27, 7, 'http://119.81.24.210/parisvanjava/spacetrek/stream/27/7.jpg'),
(15, 27, 8, 'http://119.81.24.210/parisvanjava/spacetrek/stream/27/8.jpg'),
(16, 27, 9, 'http://119.81.24.210/parisvanjava/spacetrek/stream/27/9.jpg'),
(17, 27, 10, 'http://119.81.24.210/parisvanjava/spacetrek/stream/27/10.jpg'),
(18, 27, 11, 'http://119.81.24.210/parisvanjava/spacetrek/stream/27/11.jpg'),
(19, 27, 12, 'http://119.81.24.210/parisvanjava/spacetrek/stream/27/12.jpg'),
(20, 27, 13, 'http://119.81.24.210/parisvanjava/spacetrek/stream/27/13.jpg'),
(21, 27, 2, 'http://119.81.24.210/parisvanjava/spacetrek/stream/27/2.jpg'),
(22, 27, 1, 'http://119.81.24.210/parisvanjava/spacetrek/stream/27/1.jpg'),
(23, 27, 3, 'http://119.81.24.210/parisvanjava/spacetrek/stream/27/3.jpg'),
(24, 27, 4, 'http://119.81.24.210/parisvanjava/spacetrek/stream/27/4.jpg'),
(25, 27, 5, 'http://119.81.24.210/parisvanjava/spacetrek/stream/27/5.jpg'),
(26, 27, 6, 'http://119.81.24.210/parisvanjava/spacetrek/stream/27/6.jpg'),
(27, 27, 7, 'http://119.81.24.210/parisvanjava/spacetrek/stream/27/7.jpg'),
(28, 27, 8, 'http://119.81.24.210/parisvanjava/spacetrek/stream/27/8.jpg'),
(29, 27, 9, 'http://119.81.24.210/parisvanjava/spacetrek/stream/27/9.jpg'),
(30, 27, 10, 'http://119.81.24.210/parisvanjava/spacetrek/stream/27/10.jpg'),
(31, 27, 11, 'http://119.81.24.210/parisvanjava/spacetrek/stream/27/11.jpg'),
(32, 27, 12, 'http://119.81.24.210/parisvanjava/spacetrek/stream/27/12.jpg'),
(33, 27, 13, 'http://119.81.24.210/parisvanjava/spacetrek/stream/27/13.jpg'),
(34, 27, 14, 'http://119.81.24.210/parisvanjava/spacetrek/stream/27/14.jpg'),
(35, 27, 15, 'http://119.81.24.210/parisvanjava/spacetrek/stream/27/15.jpg'),
(36, 27, 16, 'http://119.81.24.210/parisvanjava/spacetrek/stream/27/16.jpg'),
(37, 27, 17, 'http://119.81.24.210/parisvanjava/spacetrek/stream/27/17.jpg'),
(38, 27, 18, 'http://119.81.24.210/parisvanjava/spacetrek/stream/27/18.jpg'),
(39, 27, 19, 'http://119.81.24.210/parisvanjava/spacetrek/stream/27/19.jpg'),
(40, 27, 20, 'http://119.81.24.210/parisvanjava/spacetrek/stream/27/20.jpg'),
(41, 27, 21, 'http://119.81.24.210/parisvanjava/spacetrek/stream/27/21.jpg'),
(42, 27, 22, 'http://119.81.24.210/parisvanjava/spacetrek/stream/27/22.jpg'),
(43, 27, 23, 'http://119.81.24.210/parisvanjava/spacetrek/stream/27/23.jpg'),
(44, 27, 24, 'http://119.81.24.210/parisvanjava/spacetrek/stream/27/24.jpg'),
(45, 27, 25, 'http://119.81.24.210/parisvanjava/spacetrek/stream/27/25.jpg'),
(46, 27, 26, 'http://119.81.24.210/parisvanjava/spacetrek/stream/27/26.jpg'),
(47, 27, 27, 'http://119.81.24.210/parisvanjava/spacetrek/stream/27/27.jpg'),
(48, 27, 28, 'http://119.81.24.210/parisvanjava/spacetrek/stream/27/28.jpg'),
(49, 27, 29, 'http://119.81.24.210/parisvanjava/spacetrek/stream/27/29.jpg'),
(50, 27, 30, 'http://119.81.24.210/parisvanjava/spacetrek/stream/27/30.jpg'),
(51, 27, 31, 'http://119.81.24.210/parisvanjava/spacetrek/stream/27/31.jpg'),
(52, 27, 32, 'http://119.81.24.210/parisvanjava/spacetrek/stream/27/32.jpg'),
(53, 27, 33, 'http://119.81.24.210/parisvanjava/spacetrek/stream/27/33.jpg'),
(54, 27, 34, 'http://119.81.24.210/parisvanjava/spacetrek/stream/27/34.jpg'),
(55, 27, 35, 'http://119.81.24.210/parisvanjava/spacetrek/stream/27/35.jpg'),
(56, 27, 36, 'http://119.81.24.210/parisvanjava/spacetrek/stream/27/36.jpg'),
(57, 27, 37, 'http://119.81.24.210/parisvanjava/spacetrek/stream/27/37.jpg'),
(58, 27, 38, 'http://119.81.24.210/parisvanjava/spacetrek/stream/27/38.jpg'),
(59, 27, 39, 'http://119.81.24.210/parisvanjava/spacetrek/stream/27/39.jpg'),
(60, 27, 40, 'http://119.81.24.210/parisvanjava/spacetrek/stream/27/40.jpg'),
(61, 27, 41, 'http://119.81.24.210/parisvanjava/spacetrek/stream/27/41.jpg'),
(62, 27, 42, 'http://119.81.24.210/parisvanjava/spacetrek/stream/27/42.jpg'),
(63, 27, 43, 'http://119.81.24.210/parisvanjava/spacetrek/stream/27/43.jpg'),
(64, 27, 44, 'http://119.81.24.210/parisvanjava/spacetrek/stream/27/44.jpg'),
(65, 27, 45, 'http://119.81.24.210/parisvanjava/spacetrek/stream/27/45.jpg'),
(66, 27, 46, 'http://119.81.24.210/parisvanjava/spacetrek/stream/27/46.jpg'),
(67, 27, 47, 'http://119.81.24.210/parisvanjava/spacetrek/stream/27/47.jpg'),
(68, 27, 48, 'http://119.81.24.210/parisvanjava/spacetrek/stream/27/48.jpg'),
(69, 27, 49, 'http://119.81.24.210/parisvanjava/spacetrek/stream/27/49.jpg'),
(70, 27, 50, 'http://119.81.24.210/parisvanjava/spacetrek/stream/27/50.jpg'),
(71, 27, 51, 'http://119.81.24.210/parisvanjava/spacetrek/stream/27/51.jpg'),
(72, 27, 52, 'http://119.81.24.210/parisvanjava/spacetrek/stream/27/52.jpg'),
(73, 27, 1, 'http://119.81.24.210/parisvanjava/spacetrek/stream/27/1.jpg'),
(74, 27, 2, 'http://119.81.24.210/parisvanjava/spacetrek/stream/27/2.jpg'),
(75, 27, 3, 'http://119.81.24.210/parisvanjava/spacetrek/stream/27/3.jpg'),
(76, 27, 4, 'http://119.81.24.210/parisvanjava/spacetrek/stream/27/4.jpg'),
(1106, 58, 0, 'http://119.81.24.210/parisvanjava/spacetrek/stream/58/0.jpg'),
(1107, 58, 1, 'http://119.81.24.210/parisvanjava/spacetrek/stream/58/1.jpg'),
(1108, 58, 2, 'http://119.81.24.210/parisvanjava/spacetrek/stream/58/2.jpg'),
(1109, 58, 3, 'http://119.81.24.210/parisvanjava/spacetrek/stream/58/3.jpg'),
(1110, 58, 4, 'http://119.81.24.210/parisvanjava/spacetrek/stream/58/4.jpg'),
(1111, 58, 5, 'http://119.81.24.210/parisvanjava/spacetrek/stream/58/5.jpg'),
(1112, 58, 6, 'http://119.81.24.210/parisvanjava/spacetrek/stream/58/6.jpg'),
(1113, 58, 7, 'http://119.81.24.210/parisvanjava/spacetrek/stream/58/7.jpg'),
(1114, 58, 8, 'http://119.81.24.210/parisvanjava/spacetrek/stream/58/8.jpg'),
(1115, 58, 9, 'http://119.81.24.210/parisvanjava/spacetrek/stream/58/9.jpg'),
(1116, 58, 10, 'http://119.81.24.210/parisvanjava/spacetrek/stream/58/10.jpg'),
(1117, 58, 11, 'http://119.81.24.210/parisvanjava/spacetrek/stream/58/11.jpg'),
(1118, 58, 12, 'http://119.81.24.210/parisvanjava/spacetrek/stream/58/12.jpg'),
(1119, 58, 13, 'http://119.81.24.210/parisvanjava/spacetrek/stream/58/13.jpg'),
(1120, 58, 14, 'http://119.81.24.210/parisvanjava/spacetrek/stream/58/14.jpg'),
(1121, 58, 15, 'http://119.81.24.210/parisvanjava/spacetrek/stream/58/15.jpg'),
(1122, 58, 16, 'http://119.81.24.210/parisvanjava/spacetrek/stream/58/16.jpg'),
(1123, 58, 17, 'http://119.81.24.210/parisvanjava/spacetrek/stream/58/17.jpg'),
(1124, 58, 18, 'http://119.81.24.210/parisvanjava/spacetrek/stream/58/18.jpg'),
(1125, 58, 19, 'http://119.81.24.210/parisvanjava/spacetrek/stream/58/19.jpg'),
(1126, 58, 20, 'http://119.81.24.210/parisvanjava/spacetrek/stream/58/20.jpg'),
(1127, 58, 21, 'http://119.81.24.210/parisvanjava/spacetrek/stream/58/21.jpg'),
(1128, 58, 22, 'http://119.81.24.210/parisvanjava/spacetrek/stream/58/22.jpg'),
(1129, 58, 23, 'http://119.81.24.210/parisvanjava/spacetrek/stream/58/23.jpg'),
(1130, 58, 24, 'http://119.81.24.210/parisvanjava/spacetrek/stream/58/24.jpg'),
(1131, 58, 25, 'http://119.81.24.210/parisvanjava/spacetrek/stream/58/25.jpg'),
(1132, 58, 26, 'http://119.81.24.210/parisvanjava/spacetrek/stream/58/26.jpg'),
(1133, 58, 27, 'http://119.81.24.210/parisvanjava/spacetrek/stream/58/27.jpg'),
(1134, 58, 28, 'http://119.81.24.210/parisvanjava/spacetrek/stream/58/28.jpg'),
(1135, 58, 29, 'http://119.81.24.210/parisvanjava/spacetrek/stream/58/29.jpg'),
(1136, 58, 30, 'http://119.81.24.210/parisvanjava/spacetrek/stream/58/30.jpg'),
(1137, 58, 31, 'http://119.81.24.210/parisvanjava/spacetrek/stream/58/31.jpg'),
(1138, 58, 32, 'http://119.81.24.210/parisvanjava/spacetrek/stream/58/32.jpg'),
(1139, 58, 33, 'http://119.81.24.210/parisvanjava/spacetrek/stream/58/33.jpg'),
(1140, 58, 35, 'http://119.81.24.210/parisvanjava/spacetrek/stream/58/35.jpg'),
(1141, 58, 34, 'http://119.81.24.210/parisvanjava/spacetrek/stream/58/34.jpg'),
(1142, 58, 36, 'http://119.81.24.210/parisvanjava/spacetrek/stream/58/36.jpg'),
(1143, 58, 37, 'http://119.81.24.210/parisvanjava/spacetrek/stream/58/37.jpg'),
(1144, 58, 38, 'http://119.81.24.210/parisvanjava/spacetrek/stream/58/38.jpg'),
(1145, 58, 39, 'http://119.81.24.210/parisvanjava/spacetrek/stream/58/39.jpg'),
(1146, 58, 40, 'http://119.81.24.210/parisvanjava/spacetrek/stream/58/40.jpg'),
(1147, 58, 41, 'http://119.81.24.210/parisvanjava/spacetrek/stream/58/41.jpg'),
(1148, 58, 42, 'http://119.81.24.210/parisvanjava/spacetrek/stream/58/42.jpg'),
(1149, 59, 0, 'http://119.81.24.210/parisvanjava/spacetrek/stream/59/0.jpg'),
(1150, 59, 1, 'http://119.81.24.210/parisvanjava/spacetrek/stream/59/1.jpg'),
(1151, 59, 2, 'http://119.81.24.210/parisvanjava/spacetrek/stream/59/2.jpg'),
(1152, 59, 6, 'http://119.81.24.210/parisvanjava/spacetrek/stream/59/6.jpg'),
(1153, 59, 7, 'http://119.81.24.210/parisvanjava/spacetrek/stream/59/7.jpg'),
(1154, 59, 3, 'http://119.81.24.210/parisvanjava/spacetrek/stream/59/3.jpg'),
(1155, 59, 4, 'http://119.81.24.210/parisvanjava/spacetrek/stream/59/4.jpg'),
(1156, 59, 5, 'http://119.81.24.210/parisvanjava/spacetrek/stream/59/5.jpg'),
(1157, 59, 8, 'http://119.81.24.210/parisvanjava/spacetrek/stream/59/8.jpg'),
(1158, 59, 9, 'http://119.81.24.210/parisvanjava/spacetrek/stream/59/9.jpg'),
(1159, 59, 10, 'http://119.81.24.210/parisvanjava/spacetrek/stream/59/10.jpg'),
(1160, 59, 11, 'http://119.81.24.210/parisvanjava/spacetrek/stream/59/11.jpg'),
(1161, 59, 12, 'http://119.81.24.210/parisvanjava/spacetrek/stream/59/12.jpg'),
(1162, 59, 13, 'http://119.81.24.210/parisvanjava/spacetrek/stream/59/13.jpg'),
(1163, 59, 14, 'http://119.81.24.210/parisvanjava/spacetrek/stream/59/14.jpg'),
(1164, 59, 15, 'http://119.81.24.210/parisvanjava/spacetrek/stream/59/15.jpg'),
(1165, 59, 16, 'http://119.81.24.210/parisvanjava/spacetrek/stream/59/16.jpg'),
(1166, 59, 17, 'http://119.81.24.210/parisvanjava/spacetrek/stream/59/17.jpg'),
(1167, 59, 18, 'http://119.81.24.210/parisvanjava/spacetrek/stream/59/18.jpg'),
(1168, 59, 19, 'http://119.81.24.210/parisvanjava/spacetrek/stream/59/19.jpg'),
(1169, 60, 0, 'http://119.81.24.210/parisvanjava/spacetrek/stream/60/0.jpg'),
(1170, 60, 3, 'http://119.81.24.210/parisvanjava/spacetrek/stream/60/3.jpg'),
(1171, 60, 1, 'http://119.81.24.210/parisvanjava/spacetrek/stream/60/1.jpg'),
(1172, 60, 8, 'http://119.81.24.210/parisvanjava/spacetrek/stream/60/8.jpg'),
(1173, 60, 2, 'http://119.81.24.210/parisvanjava/spacetrek/stream/60/2.jpg'),
(1174, 60, 4, 'http://119.81.24.210/parisvanjava/spacetrek/stream/60/4.jpg'),
(1175, 60, 5, 'http://119.81.24.210/parisvanjava/spacetrek/stream/60/5.jpg'),
(1176, 60, 6, 'http://119.81.24.210/parisvanjava/spacetrek/stream/60/6.jpg'),
(1177, 60, 11, 'http://119.81.24.210/parisvanjava/spacetrek/stream/60/11.jpg'),
(1178, 60, 12, 'http://119.81.24.210/parisvanjava/spacetrek/stream/60/12.jpg'),
(1179, 60, 10, 'http://119.81.24.210/parisvanjava/spacetrek/stream/60/10.jpg'),
(1180, 60, 20, 'http://119.81.24.210/parisvanjava/spacetrek/stream/60/20.jpg'),
(1181, 60, 17, 'http://119.81.24.210/parisvanjava/spacetrek/stream/60/17.jpg'),
(1182, 60, 18, 'http://119.81.24.210/parisvanjava/spacetrek/stream/60/18.jpg'),
(1183, 60, 7, 'http://119.81.24.210/parisvanjava/spacetrek/stream/60/7.jpg'),
(1184, 60, 19, 'http://119.81.24.210/parisvanjava/spacetrek/stream/60/19.jpg'),
(1185, 60, 23, 'http://119.81.24.210/parisvanjava/spacetrek/stream/60/23.jpg'),
(1186, 60, 9, 'http://119.81.24.210/parisvanjava/spacetrek/stream/60/9.jpg'),
(1187, 60, 22, 'http://119.81.24.210/parisvanjava/spacetrek/stream/60/22.jpg'),
(1188, 60, 27, 'http://119.81.24.210/parisvanjava/spacetrek/stream/60/27.jpg'),
(1189, 60, 21, 'http://119.81.24.210/parisvanjava/spacetrek/stream/60/21.jpg'),
(1190, 60, 30, 'http://119.81.24.210/parisvanjava/spacetrek/stream/60/30.jpg'),
(1191, 60, 25, 'http://119.81.24.210/parisvanjava/spacetrek/stream/60/25.jpg'),
(1192, 60, 29, 'http://119.81.24.210/parisvanjava/spacetrek/stream/60/29.jpg'),
(1193, 60, 26, 'http://119.81.24.210/parisvanjava/spacetrek/stream/60/26.jpg'),
(1194, 60, 16, 'http://119.81.24.210/parisvanjava/spacetrek/stream/60/16.jpg'),
(1195, 60, 24, 'http://119.81.24.210/parisvanjava/spacetrek/stream/60/24.jpg'),
(1196, 60, 33, 'http://119.81.24.210/parisvanjava/spacetrek/stream/60/33.jpg'),
(1197, 60, 28, 'http://119.81.24.210/parisvanjava/spacetrek/stream/60/28.jpg'),
(1198, 60, 32, 'http://119.81.24.210/parisvanjava/spacetrek/stream/60/32.jpg'),
(1199, 60, 34, 'http://119.81.24.210/parisvanjava/spacetrek/stream/60/34.jpg'),
(1200, 60, 37, 'http://119.81.24.210/parisvanjava/spacetrek/stream/60/37.jpg'),
(1201, 60, 38, 'http://119.81.24.210/parisvanjava/spacetrek/stream/60/38.jpg'),
(1202, 60, 13, 'http://119.81.24.210/parisvanjava/spacetrek/stream/60/13.jpg'),
(1203, 60, 48, 'http://119.81.24.210/parisvanjava/spacetrek/stream/60/48.jpg'),
(1204, 60, 31, 'http://119.81.24.210/parisvanjava/spacetrek/stream/60/31.jpg'),
(1205, 60, 35, 'http://119.81.24.210/parisvanjava/spacetrek/stream/60/35.jpg'),
(1206, 60, 52, 'http://119.81.24.210/parisvanjava/spacetrek/stream/60/52.jpg'),
(1207, 60, 49, 'http://119.81.24.210/parisvanjava/spacetrek/stream/60/49.jpg'),
(1208, 60, 36, 'http://119.81.24.210/parisvanjava/spacetrek/stream/60/36.jpg'),
(1209, 60, 53, 'http://119.81.24.210/parisvanjava/spacetrek/stream/60/53.jpg'),
(1210, 60, 75, 'http://119.81.24.210/parisvanjava/spacetrek/stream/60/75.jpg'),
(1211, 60, 70, 'http://119.81.24.210/parisvanjava/spacetrek/stream/60/70.jpg'),
(1212, 60, 76, 'http://119.81.24.210/parisvanjava/spacetrek/stream/60/76.jpg'),
(1213, 60, 74, 'http://119.81.24.210/parisvanjava/spacetrek/stream/60/74.jpg'),
(1214, 60, 72, 'http://119.81.24.210/parisvanjava/spacetrek/stream/60/72.jpg'),
(1215, 60, 79, 'http://119.81.24.210/parisvanjava/spacetrek/stream/60/79.jpg'),
(1216, 60, 95, 'http://119.81.24.210/parisvanjava/spacetrek/stream/60/95.jpg'),
(1217, 60, 41, 'http://119.81.24.210/parisvanjava/spacetrek/stream/60/41.jpg'),
(1218, 60, 87, 'http://119.81.24.210/parisvanjava/spacetrek/stream/60/87.jpg'),
(1219, 60, 97, 'http://119.81.24.210/parisvanjava/spacetrek/stream/60/97.jpg'),
(1220, 60, 98, 'http://119.81.24.210/parisvanjava/spacetrek/stream/60/98.jpg'),
(1221, 60, 101, 'http://119.81.24.210/parisvanjava/spacetrek/stream/60/101.jpg'),
(1222, 60, 100, 'http://119.81.24.210/parisvanjava/spacetrek/stream/60/100.jpg'),
(1223, 60, 99, 'http://119.81.24.210/parisvanjava/spacetrek/stream/60/99.jpg'),
(1224, 60, 102, 'http://119.81.24.210/parisvanjava/spacetrek/stream/60/102.jpg'),
(1225, 60, 104, 'http://119.81.24.210/parisvanjava/spacetrek/stream/60/104.jpg'),
(1226, 60, 107, 'http://119.81.24.210/parisvanjava/spacetrek/stream/60/107.jpg'),
(1227, 60, 109, 'http://119.81.24.210/parisvanjava/spacetrek/stream/60/109.jpg'),
(1228, 60, 106, 'http://119.81.24.210/parisvanjava/spacetrek/stream/60/106.jpg'),
(1229, 60, 105, 'http://119.81.24.210/parisvanjava/spacetrek/stream/60/105.jpg'),
(1230, 60, 111, 'http://119.81.24.210/parisvanjava/spacetrek/stream/60/111.jpg'),
(1231, 60, 103, 'http://119.81.24.210/parisvanjava/spacetrek/stream/60/103.jpg'),
(1232, 60, 110, 'http://119.81.24.210/parisvanjava/spacetrek/stream/60/110.jpg'),
(1233, 60, 112, 'http://119.81.24.210/parisvanjava/spacetrek/stream/60/112.jpg'),
(1234, 60, 14, 'http://119.81.24.210/parisvanjava/spacetrek/stream/60/14.jpg'),
(1235, 60, 113, 'http://119.81.24.210/parisvanjava/spacetrek/stream/60/113.jpg'),
(1236, 60, 114, 'http://119.81.24.210/parisvanjava/spacetrek/stream/60/114.jpg'),
(1237, 60, 115, 'http://119.81.24.210/parisvanjava/spacetrek/stream/60/115.jpg'),
(1238, 60, 118, 'http://119.81.24.210/parisvanjava/spacetrek/stream/60/118.jpg'),
(1239, 60, 119, 'http://119.81.24.210/parisvanjava/spacetrek/stream/60/119.jpg'),
(1240, 60, 120, 'http://119.81.24.210/parisvanjava/spacetrek/stream/60/120.jpg'),
(1241, 60, 117, 'http://119.81.24.210/parisvanjava/spacetrek/stream/60/117.jpg'),
(1242, 60, 116, 'http://119.81.24.210/parisvanjava/spacetrek/stream/60/116.jpg'),
(1243, 60, 108, 'http://119.81.24.210/parisvanjava/spacetrek/stream/60/108.jpg'),
(1244, 61, 0, 'http://119.81.24.210/parisvanjava/spacetrek/stream/61/0.jpg'),
(1245, 61, 2, 'http://119.81.24.210/parisvanjava/spacetrek/stream/61/2.jpg'),
(1246, 61, 3, 'http://119.81.24.210/parisvanjava/spacetrek/stream/61/3.jpg'),
(1247, 61, 1, 'http://119.81.24.210/parisvanjava/spacetrek/stream/61/1.jpg'),
(1248, 61, 4, 'http://119.81.24.210/parisvanjava/spacetrek/stream/61/4.jpg'),
(1249, 61, 5, 'http://119.81.24.210/parisvanjava/spacetrek/stream/61/5.jpg'),
(1250, 61, 6, 'http://119.81.24.210/parisvanjava/spacetrek/stream/61/6.jpg'),
(1251, 61, 8, 'http://119.81.24.210/parisvanjava/spacetrek/stream/61/8.jpg'),
(1252, 61, 9, 'http://119.81.24.210/parisvanjava/spacetrek/stream/61/9.jpg'),
(1253, 61, 7, 'http://119.81.24.210/parisvanjava/spacetrek/stream/61/7.jpg'),
(1254, 61, 10, 'http://119.81.24.210/parisvanjava/spacetrek/stream/61/10.jpg'),
(1255, 61, 12, 'http://119.81.24.210/parisvanjava/spacetrek/stream/61/12.jpg'),
(1256, 61, 11, 'http://119.81.24.210/parisvanjava/spacetrek/stream/61/11.jpg'),
(1257, 61, 13, 'http://119.81.24.210/parisvanjava/spacetrek/stream/61/13.jpg'),
(1258, 61, 14, 'http://119.81.24.210/parisvanjava/spacetrek/stream/61/14.jpg'),
(1259, 61, 15, 'http://119.81.24.210/parisvanjava/spacetrek/stream/61/15.jpg'),
(1260, 61, 16, 'http://119.81.24.210/parisvanjava/spacetrek/stream/61/16.jpg'),
(1261, 61, 17, 'http://119.81.24.210/parisvanjava/spacetrek/stream/61/17.jpg'),
(1262, 61, 18, 'http://119.81.24.210/parisvanjava/spacetrek/stream/61/18.jpg'),
(1263, 61, 19, 'http://119.81.24.210/parisvanjava/spacetrek/stream/61/19.jpg'),
(1264, 61, 20, 'http://119.81.24.210/parisvanjava/spacetrek/stream/61/20.jpg'),
(1265, 61, 21, 'http://119.81.24.210/parisvanjava/spacetrek/stream/61/21.jpg'),
(1266, 61, 22, 'http://119.81.24.210/parisvanjava/spacetrek/stream/61/22.jpg'),
(1267, 61, 23, 'http://119.81.24.210/parisvanjava/spacetrek/stream/61/23.jpg'),
(1268, 61, 24, 'http://119.81.24.210/parisvanjava/spacetrek/stream/61/24.jpg'),
(1269, 61, 25, 'http://119.81.24.210/parisvanjava/spacetrek/stream/61/25.jpg'),
(1270, 61, 26, 'http://119.81.24.210/parisvanjava/spacetrek/stream/61/26.jpg'),
(1271, 61, 27, 'http://119.81.24.210/parisvanjava/spacetrek/stream/61/27.jpg'),
(1272, 61, 28, 'http://119.81.24.210/parisvanjava/spacetrek/stream/61/28.jpg'),
(1273, 61, 29, 'http://119.81.24.210/parisvanjava/spacetrek/stream/61/29.jpg'),
(1274, 61, 30, 'http://119.81.24.210/parisvanjava/spacetrek/stream/61/30.jpg'),
(1275, 61, 31, 'http://119.81.24.210/parisvanjava/spacetrek/stream/61/31.jpg'),
(1276, 61, 32, 'http://119.81.24.210/parisvanjava/spacetrek/stream/61/32.jpg'),
(1277, 61, 33, 'http://119.81.24.210/parisvanjava/spacetrek/stream/61/33.jpg'),
(1278, 61, 34, 'http://119.81.24.210/parisvanjava/spacetrek/stream/61/34.jpg'),
(1279, 61, 35, 'http://119.81.24.210/parisvanjava/spacetrek/stream/61/35.jpg'),
(1280, 61, 36, 'http://119.81.24.210/parisvanjava/spacetrek/stream/61/36.jpg'),
(1281, 61, 37, 'http://119.81.24.210/parisvanjava/spacetrek/stream/61/37.jpg'),
(1282, 61, 38, 'http://119.81.24.210/parisvanjava/spacetrek/stream/61/38.jpg'),
(1283, 61, 39, 'http://119.81.24.210/parisvanjava/spacetrek/stream/61/39.jpg'),
(1284, 61, 40, 'http://119.81.24.210/parisvanjava/spacetrek/stream/61/40.jpg'),
(1285, 61, 41, 'http://119.81.24.210/parisvanjava/spacetrek/stream/61/41.jpg'),
(1286, 61, 42, 'http://119.81.24.210/parisvanjava/spacetrek/stream/61/42.jpg'),
(1287, 61, 43, 'http://119.81.24.210/parisvanjava/spacetrek/stream/61/43.jpg'),
(1288, 61, 44, 'http://119.81.24.210/parisvanjava/spacetrek/stream/61/44.jpg'),
(1289, 61, 45, 'http://119.81.24.210/parisvanjava/spacetrek/stream/61/45.jpg'),
(1290, 61, 46, 'http://119.81.24.210/parisvanjava/spacetrek/stream/61/46.jpg'),
(1291, 61, 47, 'http://119.81.24.210/parisvanjava/spacetrek/stream/61/47.jpg'),
(1292, 61, 48, 'http://119.81.24.210/parisvanjava/spacetrek/stream/61/48.jpg'),
(1293, 61, 49, 'http://119.81.24.210/parisvanjava/spacetrek/stream/61/49.jpg'),
(1294, 61, 50, 'http://119.81.24.210/parisvanjava/spacetrek/stream/61/50.jpg'),
(1295, 61, 51, 'http://119.81.24.210/parisvanjava/spacetrek/stream/61/51.jpg'),
(1296, 62, 0, 'http://119.81.24.210/parisvanjava/spacetrek/stream/62/0.jpg'),
(1297, 62, 1, 'http://119.81.24.210/parisvanjava/spacetrek/stream/62/1.jpg'),
(1298, 62, 2, 'http://119.81.24.210/parisvanjava/spacetrek/stream/62/2.jpg'),
(1299, 62, 5, 'http://119.81.24.210/parisvanjava/spacetrek/stream/62/5.jpg'),
(1300, 62, 3, 'http://119.81.24.210/parisvanjava/spacetrek/stream/62/3.jpg'),
(1301, 62, 4, 'http://119.81.24.210/parisvanjava/spacetrek/stream/62/4.jpg'),
(1302, 62, 6, 'http://119.81.24.210/parisvanjava/spacetrek/stream/62/6.jpg'),
(1303, 62, 9, 'http://119.81.24.210/parisvanjava/spacetrek/stream/62/9.jpg'),
(1304, 62, 8, 'http://119.81.24.210/parisvanjava/spacetrek/stream/62/8.jpg'),
(1305, 62, 12, 'http://119.81.24.210/parisvanjava/spacetrek/stream/62/12.jpg'),
(1306, 62, 7, 'http://119.81.24.210/parisvanjava/spacetrek/stream/62/7.jpg'),
(1307, 62, 13, 'http://119.81.24.210/parisvanjava/spacetrek/stream/62/13.jpg'),
(1308, 62, 14, 'http://119.81.24.210/parisvanjava/spacetrek/stream/62/14.jpg'),
(1309, 62, 17, 'http://119.81.24.210/parisvanjava/spacetrek/stream/62/17.jpg'),
(1310, 62, 19, 'http://119.81.24.210/parisvanjava/spacetrek/stream/62/19.jpg'),
(1311, 62, 16, 'http://119.81.24.210/parisvanjava/spacetrek/stream/62/16.jpg'),
(1312, 62, 20, 'http://119.81.24.210/parisvanjava/spacetrek/stream/62/20.jpg'),
(1313, 62, 24, 'http://119.81.24.210/parisvanjava/spacetrek/stream/62/24.jpg'),
(1314, 62, 21, 'http://119.81.24.210/parisvanjava/spacetrek/stream/62/21.jpg'),
(1315, 62, 25, 'http://119.81.24.210/parisvanjava/spacetrek/stream/62/25.jpg'),
(1316, 62, 11, 'http://119.81.24.210/parisvanjava/spacetrek/stream/62/11.jpg'),
(1317, 62, 23, 'http://119.81.24.210/parisvanjava/spacetrek/stream/62/23.jpg'),
(1318, 62, 15, 'http://119.81.24.210/parisvanjava/spacetrek/stream/62/15.jpg'),
(1319, 62, 26, 'http://119.81.24.210/parisvanjava/spacetrek/stream/62/26.jpg'),
(1320, 62, 10, 'http://119.81.24.210/parisvanjava/spacetrek/stream/62/10.jpg'),
(1321, 62, 18, 'http://119.81.24.210/parisvanjava/spacetrek/stream/62/18.jpg'),
(1322, 62, 27, 'http://119.81.24.210/parisvanjava/spacetrek/stream/62/27.jpg'),
(1323, 62, 29, 'http://119.81.24.210/parisvanjava/spacetrek/stream/62/29.jpg'),
(1324, 62, 22, 'http://119.81.24.210/parisvanjava/spacetrek/stream/62/22.jpg'),
(1325, 62, 30, 'http://119.81.24.210/parisvanjava/spacetrek/stream/62/30.jpg'),
(1326, 62, 32, 'http://119.81.24.210/parisvanjava/spacetrek/stream/62/32.jpg'),
(1327, 62, 31, 'http://119.81.24.210/parisvanjava/spacetrek/stream/62/31.jpg'),
(1328, 62, 33, 'http://119.81.24.210/parisvanjava/spacetrek/stream/62/33.jpg'),
(1329, 63, 0, 'http://119.81.24.210/parisvanjava/spacetrek/stream/63/0.jpg'),
(1330, 63, 1, 'http://119.81.24.210/parisvanjava/spacetrek/stream/63/1.jpg'),
(1331, 63, 2, 'http://119.81.24.210/parisvanjava/spacetrek/stream/63/2.jpg'),
(1332, 63, 3, 'http://119.81.24.210/parisvanjava/spacetrek/stream/63/3.jpg'),
(1333, 63, 4, 'http://119.81.24.210/parisvanjava/spacetrek/stream/63/4.jpg'),
(1334, 63, 5, 'http://119.81.24.210/parisvanjava/spacetrek/stream/63/5.jpg'),
(1335, 63, 6, 'http://119.81.24.210/parisvanjava/spacetrek/stream/63/6.jpg'),
(1336, 63, 7, 'http://119.81.24.210/parisvanjava/spacetrek/stream/63/7.jpg'),
(1337, 63, 8, 'http://119.81.24.210/parisvanjava/spacetrek/stream/63/8.jpg'),
(1338, 63, 9, 'http://119.81.24.210/parisvanjava/spacetrek/stream/63/9.jpg'),
(1339, 63, 10, 'http://119.81.24.210/parisvanjava/spacetrek/stream/63/10.jpg'),
(1340, 63, 11, 'http://119.81.24.210/parisvanjava/spacetrek/stream/63/11.jpg'),
(1341, 63, 12, 'http://119.81.24.210/parisvanjava/spacetrek/stream/63/12.jpg'),
(1342, 63, 13, 'http://119.81.24.210/parisvanjava/spacetrek/stream/63/13.jpg'),
(1343, 63, 14, 'http://119.81.24.210/parisvanjava/spacetrek/stream/63/14.jpg'),
(1344, 63, 15, 'http://119.81.24.210/parisvanjava/spacetrek/stream/63/15.jpg'),
(1345, 63, 16, 'http://119.81.24.210/parisvanjava/spacetrek/stream/63/16.jpg'),
(1346, 63, 17, 'http://119.81.24.210/parisvanjava/spacetrek/stream/63/17.jpg'),
(1347, 63, 18, 'http://119.81.24.210/parisvanjava/spacetrek/stream/63/18.jpg'),
(1348, 63, 19, 'http://119.81.24.210/parisvanjava/spacetrek/stream/63/19.jpg'),
(1349, 63, 20, 'http://119.81.24.210/parisvanjava/spacetrek/stream/63/20.jpg'),
(1350, 63, 21, 'http://119.81.24.210/parisvanjava/spacetrek/stream/63/21.jpg'),
(1351, 63, 22, 'http://119.81.24.210/parisvanjava/spacetrek/stream/63/22.jpg'),
(1352, 63, 23, 'http://119.81.24.210/parisvanjava/spacetrek/stream/63/23.jpg'),
(1353, 63, 24, 'http://119.81.24.210/parisvanjava/spacetrek/stream/63/24.jpg'),
(1354, 63, 25, 'http://119.81.24.210/parisvanjava/spacetrek/stream/63/25.jpg'),
(1355, 63, 26, 'http://119.81.24.210/parisvanjava/spacetrek/stream/63/26.jpg'),
(1356, 63, 27, 'http://119.81.24.210/parisvanjava/spacetrek/stream/63/27.jpg'),
(1357, 63, 28, 'http://119.81.24.210/parisvanjava/spacetrek/stream/63/28.jpg'),
(1358, 63, 29, 'http://119.81.24.210/parisvanjava/spacetrek/stream/63/29.jpg'),
(1359, 63, 30, 'http://119.81.24.210/parisvanjava/spacetrek/stream/63/30.jpg'),
(1360, 63, 31, 'http://119.81.24.210/parisvanjava/spacetrek/stream/63/31.jpg'),
(1361, 63, 32, 'http://119.81.24.210/parisvanjava/spacetrek/stream/63/32.jpg'),
(1362, 63, 33, 'http://119.81.24.210/parisvanjava/spacetrek/stream/63/33.jpg'),
(1363, 63, 34, 'http://119.81.24.210/parisvanjava/spacetrek/stream/63/34.jpg'),
(1364, 63, 35, 'http://119.81.24.210/parisvanjava/spacetrek/stream/63/35.jpg'),
(1365, 63, 36, 'http://119.81.24.210/parisvanjava/spacetrek/stream/63/36.jpg'),
(1366, 63, 37, 'http://119.81.24.210/parisvanjava/spacetrek/stream/63/37.jpg'),
(1367, 63, 38, 'http://119.81.24.210/parisvanjava/spacetrek/stream/63/38.jpg'),
(1368, 63, 39, 'http://119.81.24.210/parisvanjava/spacetrek/stream/63/39.jpg'),
(1369, 63, 40, 'http://119.81.24.210/parisvanjava/spacetrek/stream/63/40.jpg'),
(1370, 63, 41, 'http://119.81.24.210/parisvanjava/spacetrek/stream/63/41.jpg'),
(1371, 63, 42, 'http://119.81.24.210/parisvanjava/spacetrek/stream/63/42.jpg'),
(1372, 63, 43, 'http://119.81.24.210/parisvanjava/spacetrek/stream/63/43.jpg'),
(1373, 63, 44, 'http://119.81.24.210/parisvanjava/spacetrek/stream/63/44.jpg'),
(1374, 63, 45, 'http://119.81.24.210/parisvanjava/spacetrek/stream/63/45.jpg'),
(1375, 63, 46, 'http://119.81.24.210/parisvanjava/spacetrek/stream/63/46.jpg'),
(1376, 63, 47, 'http://119.81.24.210/parisvanjava/spacetrek/stream/63/47.jpg'),
(1377, 63, 48, 'http://119.81.24.210/parisvanjava/spacetrek/stream/63/48.jpg'),
(1378, 63, 49, 'http://119.81.24.210/parisvanjava/spacetrek/stream/63/49.jpg'),
(1379, 63, 50, 'http://119.81.24.210/parisvanjava/spacetrek/stream/63/50.jpg'),
(1380, 63, 51, 'http://119.81.24.210/parisvanjava/spacetrek/stream/63/51.jpg'),
(1381, 63, 52, 'http://119.81.24.210/parisvanjava/spacetrek/stream/63/52.jpg'),
(1382, 63, 53, 'http://119.81.24.210/parisvanjava/spacetrek/stream/63/53.jpg'),
(1383, 63, 54, 'http://119.81.24.210/parisvanjava/spacetrek/stream/63/54.jpg'),
(1384, 63, 55, 'http://119.81.24.210/parisvanjava/spacetrek/stream/63/55.jpg'),
(1385, 63, 56, 'http://119.81.24.210/parisvanjava/spacetrek/stream/63/56.jpg'),
(1386, 63, 57, 'http://119.81.24.210/parisvanjava/spacetrek/stream/63/57.jpg'),
(1387, 63, 58, 'http://119.81.24.210/parisvanjava/spacetrek/stream/63/58.jpg'),
(1388, 63, 59, 'http://119.81.24.210/parisvanjava/spacetrek/stream/63/59.jpg'),
(1389, 63, 60, 'http://119.81.24.210/parisvanjava/spacetrek/stream/63/60.jpg'),
(1390, 63, 61, 'http://119.81.24.210/parisvanjava/spacetrek/stream/63/61.jpg'),
(1391, 63, 62, 'http://119.81.24.210/parisvanjava/spacetrek/stream/63/62.jpg'),
(1392, 63, 63, 'http://119.81.24.210/parisvanjava/spacetrek/stream/63/63.jpg'),
(1393, 63, 64, 'http://119.81.24.210/parisvanjava/spacetrek/stream/63/64.jpg'),
(1394, 63, 65, 'http://119.81.24.210/parisvanjava/spacetrek/stream/63/65.jpg'),
(1395, 63, 66, 'http://119.81.24.210/parisvanjava/spacetrek/stream/63/66.jpg'),
(1396, 63, 67, 'http://119.81.24.210/parisvanjava/spacetrek/stream/63/67.jpg'),
(1397, 63, 68, 'http://119.81.24.210/parisvanjava/spacetrek/stream/63/68.jpg'),
(1398, 63, 69, 'http://119.81.24.210/parisvanjava/spacetrek/stream/63/69.jpg'),
(1399, 63, 70, 'http://119.81.24.210/parisvanjava/spacetrek/stream/63/70.jpg'),
(1400, 63, 71, 'http://119.81.24.210/parisvanjava/spacetrek/stream/63/71.jpg'),
(1401, 63, 72, 'http://119.81.24.210/parisvanjava/spacetrek/stream/63/72.jpg'),
(1402, 63, 73, 'http://119.81.24.210/parisvanjava/spacetrek/stream/63/73.jpg'),
(1403, 64, 0, 'http://119.81.24.210/parisvanjava/spacetrek/stream/64/0.jpg'),
(1404, 64, 1, 'http://119.81.24.210/parisvanjava/spacetrek/stream/64/1.jpg'),
(1405, 64, 2, 'http://119.81.24.210/parisvanjava/spacetrek/stream/64/2.jpg'),
(1406, 64, 9, 'http://119.81.24.210/parisvanjava/spacetrek/stream/64/9.jpg'),
(1407, 64, 4, 'http://119.81.24.210/parisvanjava/spacetrek/stream/64/4.jpg'),
(1408, 64, 10, 'http://119.81.24.210/parisvanjava/spacetrek/stream/64/10.jpg'),
(1409, 64, 7, 'http://119.81.24.210/parisvanjava/spacetrek/stream/64/7.jpg'),
(1410, 64, 6, 'http://119.81.24.210/parisvanjava/spacetrek/stream/64/6.jpg'),
(1411, 64, 20, 'http://119.81.24.210/parisvanjava/spacetrek/stream/64/20.jpg'),
(1412, 64, 3, 'http://119.81.24.210/parisvanjava/spacetrek/stream/64/3.jpg'),
(1413, 64, 5, 'http://119.81.24.210/parisvanjava/spacetrek/stream/64/5.jpg'),
(1414, 64, 22, 'http://119.81.24.210/parisvanjava/spacetrek/stream/64/22.jpg'),
(1415, 64, 23, 'http://119.81.24.210/parisvanjava/spacetrek/stream/64/23.jpg'),
(1416, 64, 8, 'http://119.81.24.210/parisvanjava/spacetrek/stream/64/8.jpg'),
(1417, 64, 16, 'http://119.81.24.210/parisvanjava/spacetrek/stream/64/16.jpg'),
(1418, 64, 24, 'http://119.81.24.210/parisvanjava/spacetrek/stream/64/24.jpg'),
(1419, 64, 21, 'http://119.81.24.210/parisvanjava/spacetrek/stream/64/21.jpg'),
(1420, 64, 12, 'http://119.81.24.210/parisvanjava/spacetrek/stream/64/12.jpg'),
(1421, 64, 17, 'http://119.81.24.210/parisvanjava/spacetrek/stream/64/17.jpg'),
(1422, 64, 11, 'http://119.81.24.210/parisvanjava/spacetrek/stream/64/11.jpg'),
(1423, 66, 0, 'http://119.81.24.210/parisvanjava/spacetrek/stream/66/0.jpg'),
(1424, 66, 1, 'http://119.81.24.210/parisvanjava/spacetrek/stream/66/1.jpg'),
(1425, 66, 2, 'http://119.81.24.210/parisvanjava/spacetrek/stream/66/2.jpg'),
(1426, 66, 3, 'http://119.81.24.210/parisvanjava/spacetrek/stream/66/3.jpg'),
(1427, 66, 4, 'http://119.81.24.210/parisvanjava/spacetrek/stream/66/4.jpg'),
(1428, 66, 5, 'http://119.81.24.210/parisvanjava/spacetrek/stream/66/5.jpg'),
(1429, 66, 6, 'http://119.81.24.210/parisvanjava/spacetrek/stream/66/6.jpg'),
(1430, 66, 7, 'http://119.81.24.210/parisvanjava/spacetrek/stream/66/7.jpg'),
(1431, 66, 8, 'http://119.81.24.210/parisvanjava/spacetrek/stream/66/8.jpg'),
(1432, 66, 9, 'http://119.81.24.210/parisvanjava/spacetrek/stream/66/9.jpg'),
(1433, 66, 10, 'http://119.81.24.210/parisvanjava/spacetrek/stream/66/10.jpg'),
(1434, 66, 11, 'http://119.81.24.210/parisvanjava/spacetrek/stream/66/11.jpg'),
(1435, 66, 12, 'http://119.81.24.210/parisvanjava/spacetrek/stream/66/12.jpg'),
(1436, 66, 13, 'http://119.81.24.210/parisvanjava/spacetrek/stream/66/13.jpg'),
(1437, 66, 14, 'http://119.81.24.210/parisvanjava/spacetrek/stream/66/14.jpg'),
(1438, 66, 15, 'http://119.81.24.210/parisvanjava/spacetrek/stream/66/15.jpg'),
(1439, 66, 16, 'http://119.81.24.210/parisvanjava/spacetrek/stream/66/16.jpg'),
(1440, 66, 17, 'http://119.81.24.210/parisvanjava/spacetrek/stream/66/17.jpg'),
(1441, 66, 18, 'http://119.81.24.210/parisvanjava/spacetrek/stream/66/18.jpg'),
(1442, 66, 19, 'http://119.81.24.210/parisvanjava/spacetrek/stream/66/19.jpg'),
(1443, 66, 20, 'http://119.81.24.210/parisvanjava/spacetrek/stream/66/20.jpg'),
(1444, 66, 21, 'http://119.81.24.210/parisvanjava/spacetrek/stream/66/21.jpg'),
(1445, 66, 22, 'http://119.81.24.210/parisvanjava/spacetrek/stream/66/22.jpg'),
(1446, 66, 23, 'http://119.81.24.210/parisvanjava/spacetrek/stream/66/23.jpg'),
(1447, 66, 24, 'http://119.81.24.210/parisvanjava/spacetrek/stream/66/24.jpg'),
(1448, 66, 25, 'http://119.81.24.210/parisvanjava/spacetrek/stream/66/25.jpg'),
(1449, 66, 26, 'http://119.81.24.210/parisvanjava/spacetrek/stream/66/26.jpg'),
(1450, 66, 27, 'http://119.81.24.210/parisvanjava/spacetrek/stream/66/27.jpg'),
(1451, 66, 28, 'http://119.81.24.210/parisvanjava/spacetrek/stream/66/28.jpg'),
(1452, 66, 29, 'http://119.81.24.210/parisvanjava/spacetrek/stream/66/29.jpg'),
(1453, 66, 30, 'http://119.81.24.210/parisvanjava/spacetrek/stream/66/30.jpg'),
(1454, 66, 31, 'http://119.81.24.210/parisvanjava/spacetrek/stream/66/31.jpg'),
(1455, 66, 32, 'http://119.81.24.210/parisvanjava/spacetrek/stream/66/32.jpg'),
(1456, 66, 33, 'http://119.81.24.210/parisvanjava/spacetrek/stream/66/33.jpg'),
(1457, 66, 34, 'http://119.81.24.210/parisvanjava/spacetrek/stream/66/34.jpg'),
(1458, 66, 35, 'http://119.81.24.210/parisvanjava/spacetrek/stream/66/35.jpg'),
(1459, 66, 36, 'http://119.81.24.210/parisvanjava/spacetrek/stream/66/36.jpg'),
(1460, 66, 37, 'http://119.81.24.210/parisvanjava/spacetrek/stream/66/37.jpg'),
(1461, 66, 38, 'http://119.81.24.210/parisvanjava/spacetrek/stream/66/38.jpg'),
(1462, 66, 39, 'http://119.81.24.210/parisvanjava/spacetrek/stream/66/39.jpg'),
(1463, 66, 40, 'http://119.81.24.210/parisvanjava/spacetrek/stream/66/40.jpg'),
(1464, 66, 41, 'http://119.81.24.210/parisvanjava/spacetrek/stream/66/41.jpg'),
(1465, 66, 42, 'http://119.81.24.210/parisvanjava/spacetrek/stream/66/42.jpg'),
(1466, 66, 43, 'http://119.81.24.210/parisvanjava/spacetrek/stream/66/43.jpg'),
(1467, 66, 44, 'http://119.81.24.210/parisvanjava/spacetrek/stream/66/44.jpg'),
(1468, 66, 45, 'http://119.81.24.210/parisvanjava/spacetrek/stream/66/45.jpg'),
(1469, 66, 46, 'http://119.81.24.210/parisvanjava/spacetrek/stream/66/46.jpg'),
(1470, 66, 47, 'http://119.81.24.210/parisvanjava/spacetrek/stream/66/47.jpg'),
(1471, 66, 48, 'http://119.81.24.210/parisvanjava/spacetrek/stream/66/48.jpg'),
(1472, 67, 4, 'http://119.81.24.210/parisvanjava/spacetrek/stream/67/4.jpg'),
(1473, 67, 1, 'http://119.81.24.210/parisvanjava/spacetrek/stream/67/1.jpg'),
(1474, 67, 2, 'http://119.81.24.210/parisvanjava/spacetrek/stream/67/2.jpg'),
(1475, 67, 5, 'http://119.81.24.210/parisvanjava/spacetrek/stream/67/5.jpg'),
(1476, 67, 7, 'http://119.81.24.210/parisvanjava/spacetrek/stream/67/7.jpg'),
(1477, 67, 0, 'http://119.81.24.210/parisvanjava/spacetrek/stream/67/0.jpg'),
(1478, 67, 8, 'http://119.81.24.210/parisvanjava/spacetrek/stream/67/8.jpg'),
(1479, 67, 3, 'http://119.81.24.210/parisvanjava/spacetrek/stream/67/3.jpg'),
(1480, 67, 9, 'http://119.81.24.210/parisvanjava/spacetrek/stream/67/9.jpg'),
(1481, 67, 6, 'http://119.81.24.210/parisvanjava/spacetrek/stream/67/6.jpg'),
(1482, 67, 10, 'http://119.81.24.210/parisvanjava/spacetrek/stream/67/10.jpg'),
(1483, 67, 11, 'http://119.81.24.210/parisvanjava/spacetrek/stream/67/11.jpg'),
(1484, 67, 12, 'http://119.81.24.210/parisvanjava/spacetrek/stream/67/12.jpg'),
(1485, 67, 17, 'http://119.81.24.210/parisvanjava/spacetrek/stream/67/17.jpg'),
(1486, 67, 14, 'http://119.81.24.210/parisvanjava/spacetrek/stream/67/14.jpg'),
(1487, 68, 0, 'http://119.81.24.210/parisvanjava/spacetrek/stream/68/0.jpg'),
(1488, 68, 2, 'http://119.81.24.210/parisvanjava/spacetrek/stream/68/2.jpg'),
(1489, 68, 3, 'http://119.81.24.210/parisvanjava/spacetrek/stream/68/3.jpg'),
(1490, 68, 7, 'http://119.81.24.210/parisvanjava/spacetrek/stream/68/7.jpg'),
(1491, 68, 1, 'http://119.81.24.210/parisvanjava/spacetrek/stream/68/1.jpg'),
(1492, 68, 11, 'http://119.81.24.210/parisvanjava/spacetrek/stream/68/11.jpg'),
(1493, 68, 4, 'http://119.81.24.210/parisvanjava/spacetrek/stream/68/4.jpg'),
(1494, 68, 10, 'http://119.81.24.210/parisvanjava/spacetrek/stream/68/10.jpg'),
(1495, 68, 5, 'http://119.81.24.210/parisvanjava/spacetrek/stream/68/5.jpg'),
(1496, 68, 13, 'http://119.81.24.210/parisvanjava/spacetrek/stream/68/13.jpg'),
(1497, 68, 6, 'http://119.81.24.210/parisvanjava/spacetrek/stream/68/6.jpg'),
(1498, 68, 8, 'http://119.81.24.210/parisvanjava/spacetrek/stream/68/8.jpg'),
(1499, 68, 12, 'http://119.81.24.210/parisvanjava/spacetrek/stream/68/12.jpg'),
(1500, 68, 14, 'http://119.81.24.210/parisvanjava/spacetrek/stream/68/14.jpg'),
(1501, 68, 9, 'http://119.81.24.210/parisvanjava/spacetrek/stream/68/9.jpg'),
(1502, 68, 16, 'http://119.81.24.210/parisvanjava/spacetrek/stream/68/16.jpg'),
(1503, 68, 15, 'http://119.81.24.210/parisvanjava/spacetrek/stream/68/15.jpg'),
(1504, 69, 0, 'http://119.81.24.210/parisvanjava/spacetrek/stream/69/0.jpg'),
(1505, 69, 1, 'http://119.81.24.210/parisvanjava/spacetrek/stream/69/1.jpg'),
(1506, 69, 2, 'http://119.81.24.210/parisvanjava/spacetrek/stream/69/2.jpg'),
(1507, 69, 3, 'http://119.81.24.210/parisvanjava/spacetrek/stream/69/3.jpg'),
(1508, 69, 4, 'http://119.81.24.210/parisvanjava/spacetrek/stream/69/4.jpg'),
(1509, 69, 5, 'http://119.81.24.210/parisvanjava/spacetrek/stream/69/5.jpg'),
(1510, 69, 6, 'http://119.81.24.210/parisvanjava/spacetrek/stream/69/6.jpg'),
(1511, 69, 7, 'http://119.81.24.210/parisvanjava/spacetrek/stream/69/7.jpg'),
(1512, 69, 8, 'http://119.81.24.210/parisvanjava/spacetrek/stream/69/8.jpg'),
(1513, 69, 9, 'http://119.81.24.210/parisvanjava/spacetrek/stream/69/9.jpg'),
(1514, 70, 6, 'http://119.81.24.210/parisvanjava/spacetrek/stream/70/6.jpg'),
(1515, 70, 4, 'http://119.81.24.210/parisvanjava/spacetrek/stream/70/4.jpg'),
(1516, 70, 7, 'http://119.81.24.210/parisvanjava/spacetrek/stream/70/7.jpg'),
(1517, 70, 0, 'http://119.81.24.210/parisvanjava/spacetrek/stream/70/0.jpg'),
(1518, 70, 2, 'http://119.81.24.210/parisvanjava/spacetrek/stream/70/2.jpg'),
(1519, 70, 9, 'http://119.81.24.210/parisvanjava/spacetrek/stream/70/9.jpg'),
(1520, 70, 8, 'http://119.81.24.210/parisvanjava/spacetrek/stream/70/8.jpg'),
(1521, 70, 1, 'http://119.81.24.210/parisvanjava/spacetrek/stream/70/1.jpg'),
(1522, 70, 3, 'http://119.81.24.210/parisvanjava/spacetrek/stream/70/3.jpg'),
(1523, 70, 15, 'http://119.81.24.210/parisvanjava/spacetrek/stream/70/15.jpg'),
(1524, 70, 12, 'http://119.81.24.210/parisvanjava/spacetrek/stream/70/12.jpg'),
(1525, 70, 14, 'http://119.81.24.210/parisvanjava/spacetrek/stream/70/14.jpg'),
(1526, 70, 11, 'http://119.81.24.210/parisvanjava/spacetrek/stream/70/11.jpg'),
(1527, 70, 13, 'http://119.81.24.210/parisvanjava/spacetrek/stream/70/13.jpg'),
(1528, 70, 21, 'http://119.81.24.210/parisvanjava/spacetrek/stream/70/21.jpg'),
(1529, 70, 22, 'http://119.81.24.210/parisvanjava/spacetrek/stream/70/22.jpg'),
(1530, 79, 1, 'http://119.81.24.210/parisvanjava/spacetrek/stream/79/1.jpg'),
(1531, 79, 2, 'http://119.81.24.210/parisvanjava/spacetrek/stream/79/2.jpg'),
(1532, 79, 3, 'http://119.81.24.210/parisvanjava/spacetrek/stream/79/3.jpg'),
(1533, 79, 11, 'http://119.81.24.210/parisvanjava/spacetrek/stream/79/11.jpg'),
(1534, 79, 0, 'http://119.81.24.210/parisvanjava/spacetrek/stream/79/0.jpg'),
(1535, 79, 4, 'http://119.81.24.210/parisvanjava/spacetrek/stream/79/4.jpg'),
(1536, 80, 0, 'http://119.81.24.210/parisvanjava/spacetrek/stream/80/0.jpg'),
(1537, 80, 1, 'http://119.81.24.210/parisvanjava/spacetrek/stream/80/1.jpg'),
(1538, 80, 8, 'http://119.81.24.210/parisvanjava/spacetrek/stream/80/8.jpg'),
(1539, 80, 9, 'http://119.81.24.210/parisvanjava/spacetrek/stream/80/9.jpg'),
(1540, 80, 10, 'http://119.81.24.210/parisvanjava/spacetrek/stream/80/10.jpg'),
(1541, 81, 0, 'http://119.81.24.210/parisvanjava/spacetrek/stream/81/0.jpg'),
(1542, 81, 3, 'http://119.81.24.210/parisvanjava/spacetrek/stream/81/3.jpg'),
(1543, 81, 2, 'http://119.81.24.210/parisvanjava/spacetrek/stream/81/2.jpg'),
(1544, 81, 4, 'http://119.81.24.210/parisvanjava/spacetrek/stream/81/4.jpg'),
(1545, 81, 5, 'http://119.81.24.210/parisvanjava/spacetrek/stream/81/5.jpg'),
(1546, 81, 6, 'http://119.81.24.210/parisvanjava/spacetrek/stream/81/6.jpg'),
(1547, 81, 1, 'http://119.81.24.210/parisvanjava/spacetrek/stream/81/1.jpg'),
(1548, 81, 7, 'http://119.81.24.210/parisvanjava/spacetrek/stream/81/7.jpg'),
(1549, 81, 8, 'http://119.81.24.210/parisvanjava/spacetrek/stream/81/8.jpg'),
(1550, 81, 9, 'http://119.81.24.210/parisvanjava/spacetrek/stream/81/9.jpg'),
(1551, 81, 10, 'http://119.81.24.210/parisvanjava/spacetrek/stream/81/10.jpg'),
(1552, 81, 11, 'http://119.81.24.210/parisvanjava/spacetrek/stream/81/11.jpg'),
(1553, 81, 13, 'http://119.81.24.210/parisvanjava/spacetrek/stream/81/13.jpg'),
(1554, 81, 14, 'http://119.81.24.210/parisvanjava/spacetrek/stream/81/14.jpg'),
(1555, 81, 12, 'http://119.81.24.210/parisvanjava/spacetrek/stream/81/12.jpg'),
(1556, 83, 1, 'http://119.81.24.210/parisvanjava/spacetrek/stream/83/1.jpg'),
(1557, 83, 2, 'http://119.81.24.210/parisvanjava/spacetrek/stream/83/2.jpg'),
(1558, 83, 0, 'http://119.81.24.210/parisvanjava/spacetrek/stream/83/0.jpg'),
(1559, 83, 4, 'http://119.81.24.210/parisvanjava/spacetrek/stream/83/4.jpg'),
(1560, 83, 7, 'http://119.81.24.210/parisvanjava/spacetrek/stream/83/7.jpg'),
(1561, 83, 8, 'http://119.81.24.210/parisvanjava/spacetrek/stream/83/8.jpg'),
(1562, 83, 6, 'http://119.81.24.210/parisvanjava/spacetrek/stream/83/6.jpg'),
(1563, 83, 13, 'http://119.81.24.210/parisvanjava/spacetrek/stream/83/13.jpg'),
(1564, 83, 3, 'http://119.81.24.210/parisvanjava/spacetrek/stream/83/3.jpg'),
(1565, 83, 12, 'http://119.81.24.210/parisvanjava/spacetrek/stream/83/12.jpg'),
(1566, 83, 10, 'http://119.81.24.210/parisvanjava/spacetrek/stream/83/10.jpg'),
(1567, 83, 5, 'http://119.81.24.210/parisvanjava/spacetrek/stream/83/5.jpg'),
(1568, 83, 14, 'http://119.81.24.210/parisvanjava/spacetrek/stream/83/14.jpg'),
(1569, 83, 18, 'http://119.81.24.210/parisvanjava/spacetrek/stream/83/18.jpg'),
(1570, 83, 11, 'http://119.81.24.210/parisvanjava/spacetrek/stream/83/11.jpg'),
(1571, 83, 9, 'http://119.81.24.210/parisvanjava/spacetrek/stream/83/9.jpg'),
(1572, 83, 15, 'http://119.81.24.210/parisvanjava/spacetrek/stream/83/15.jpg'),
(1573, 83, 16, 'http://119.81.24.210/parisvanjava/spacetrek/stream/83/16.jpg'),
(1574, 85, 5, 'http://119.81.24.210/parisvanjava/spacetrek/stream/85/5.jpg'),
(1575, 85, 0, 'http://119.81.24.210/parisvanjava/spacetrek/stream/85/0.jpg'),
(1576, 85, 7, 'http://119.81.24.210/parisvanjava/spacetrek/stream/85/7.jpg'),
(1577, 85, 1, 'http://119.81.24.210/parisvanjava/spacetrek/stream/85/1.jpg'),
(1578, 85, 4, 'http://119.81.24.210/parisvanjava/spacetrek/stream/85/4.jpg'),
(1579, 85, 3, 'http://119.81.24.210/parisvanjava/spacetrek/stream/85/3.jpg'),
(1580, 85, 6, 'http://119.81.24.210/parisvanjava/spacetrek/stream/85/6.jpg'),
(1581, 85, 8, 'http://119.81.24.210/parisvanjava/spacetrek/stream/85/8.jpg'),
(1582, 85, 9, 'http://119.81.24.210/parisvanjava/spacetrek/stream/85/9.jpg'),
(1583, 85, 10, 'http://119.81.24.210/parisvanjava/spacetrek/stream/85/10.jpg'),
(1584, 85, 13, 'http://119.81.24.210/parisvanjava/spacetrek/stream/85/13.jpg'),
(1585, 85, 11, 'http://119.81.24.210/parisvanjava/spacetrek/stream/85/11.jpg'),
(1586, 85, 2, 'http://119.81.24.210/parisvanjava/spacetrek/stream/85/2.jpg'),
(1587, 85, 12, 'http://119.81.24.210/parisvanjava/spacetrek/stream/85/12.jpg');

-- --------------------------------------------------------

--
-- Table structure for table `user`
--

CREATE TABLE IF NOT EXISTS `user` (
  `id_user` int(11) NOT NULL,
  `lat` double NOT NULL,
  `long` double NOT NULL,
  PRIMARY KEY (`id_user`)
) ENGINE=InnoDB DEFAULT CHARSET=latin1;

--
-- Dumping data for table `user`
--

INSERT INTO `user` (`id_user`, `lat`, `long`) VALUES
(22, 6, 105);

-- --------------------------------------------------------

--
-- Table structure for table `user_event`
--

CREATE TABLE IF NOT EXISTS `user_event` (
  `id_event` int(11) NOT NULL AUTO_INCREMENT,
  `id_user` int(11) NOT NULL,
  `id_object` int(11) NOT NULL,
  `fb_event_id` varchar(200) NOT NULL,
  PRIMARY KEY (`id_event`),
  KEY `id_object` (`id_object`),
  KEY `id_user` (`id_user`)
) ENGINE=InnoDB  DEFAULT CHARSET=latin1 AUTO_INCREMENT=59 ;

--
-- Dumping data for table `user_event`
--

INSERT INTO `user_event` (`id_event`, `id_user`, `id_object`, `fb_event_id`) VALUES
(1, 1, 1, '536248489751722'),
(2, 1, 1, '276260039176561'),
(3, 1, 1, '496745150391910'),
(4, 1, 1, '392475240867969'),
(5, 1, 1, '174597962696983'),
(6, 1, 1, '565768673463424'),
(11, 1, 1, '446219425471963'),
(12, 1, 13, '411092662322958'),
(13, 1, 13, '613780875315980'),
(14, 1, 14, '613687218660694'),
(15, 1, 1, '532783243431746'),
(16, 1, 14, '454503461299132'),
(17, 1, 14, '340331902756402'),
(18, 1, 14, '447256232022823'),
(19, 1, 14, '459168250827992'),
(20, 1, 14, '567537883277773'),
(21, 1, 14, '416899665072157'),
(22, 1, 14, '164800223680883'),
(23, 1, 14, '356193454480221'),
(24, 1, 13, '556140537763791'),
(25, 1, 1, '361234893978190'),
(26, 1, 1, '515283405205529'),
(27, 1, 1, '327891054003749'),
(28, 1, 1, '234703990005607'),
(29, 1, 1, '368467523270416'),
(30, 1, 1, '275563742579845'),
(31, 1, 1, '638227942860465'),
(32, 1, 1, '645228465503511'),
(33, 1, 1, '123878254473806'),
(34, 1, 17, '489686621084557'),
(35, 1, 1, '114891982042552'),
(36, 1, 1, '331569806969912'),
(37, 1, 1, '521486327897675'),
(38, 1, 1, '453891504686376'),
(39, 1, 1, '367709033347300'),
(40, 1, 1, '151044621733951'),
(41, 1, 1, '462208383849925'),
(42, 1, 1, '136022413252553'),
(43, 1, 1, '447682538657929'),
(44, 23, 1, '440217029402228'),
(45, 23, 1, '453259501418108'),
(46, 23, 1, '134604926725401'),
(47, 23, 1, '166864776810063'),
(48, 23, 8, '168100393353644'),
(49, 23, 15, '632051280141825'),
(50, 23, 1, '514046768658674'),
(51, 23, 1, '334373936684654'),
(52, 23, 1, '148907875290532'),
(53, 23, 15, '601709933173549'),
(54, 23, 15, '127428730785372'),
(55, 23, 1, '494165057315864'),
(56, 23, 1, '255750227904684'),
(57, 23, 1, '575005485864807'),
(58, 23, 1, '515669691831964');

--
-- Constraints for dumped tables
--

--
-- Constraints for table `calendar`
--
ALTER TABLE `calendar`
  ADD CONSTRAINT `calendar_ibfk_1` FOREIGN KEY (`id_object`) REFERENCES `space_object` (`id_object`) ON DELETE CASCADE ON UPDATE CASCADE;

--
-- Constraints for table `channel`
--
ALTER TABLE `channel`
  ADD CONSTRAINT `channel_ibfk_1` FOREIGN KEY (`id_object`) REFERENCES `space_object` (`id_object`) ON DELETE CASCADE ON UPDATE CASCADE;

--
-- Constraints for table `object_position`
--
ALTER TABLE `object_position`
  ADD CONSTRAINT `object_position_ibfk_1` FOREIGN KEY (`id_object`) REFERENCES `space_object` (`id_object`) ON DELETE CASCADE ON UPDATE CASCADE;

--
-- Constraints for table `stream`
--
ALTER TABLE `stream`
  ADD CONSTRAINT `stream_ibfk_1` FOREIGN KEY (`id_channel`) REFERENCES `channel` (`id_channel`) ON DELETE CASCADE ON UPDATE CASCADE;

--
-- Constraints for table `user_event`
--
ALTER TABLE `user_event`
  ADD CONSTRAINT `user_event_ibfk_2` FOREIGN KEY (`id_object`) REFERENCES `space_object` (`id_object`) ON DELETE CASCADE ON UPDATE CASCADE;

/*!40101 SET CHARACTER_SET_CLIENT=@OLD_CHARACTER_SET_CLIENT */;
/*!40101 SET CHARACTER_SET_RESULTS=@OLD_CHARACTER_SET_RESULTS */;
/*!40101 SET COLLATION_CONNECTION=@OLD_COLLATION_CONNECTION */;
